streak_threshold,streak_count,condition,count,pct_of_total,p_reached_2atr,lift_reached_2atr,p_reached_3atr,lift_reached_3atr,p_reached_5atr,lift_reached_5atr,p_reached_8atr,lift_reached_8atr,p_bars_gt_15,lift_bars_gt_15,p_bars_gt_25,lift_bars_gt_25,p_bars_gt_50,lift_bars_gt_50
4,2,2x<=4,540,4.8,0.6148,0.939,0.4296,0.835,0.2611,0.821,0.1111,0.757,0.4111,0.766,0.2722,0.77,0.0926,0.833
4,3,3x<=4,155,1.4,0.5935,0.907,0.3935,0.765,0.271,0.852,0.0968,0.659,0.3548,0.661,0.2452,0.694,0.0581,0.522
4,4,4x<=4,58,0.5,0.6034,0.922,0.4138,0.804,0.2586,0.814,0.0862,0.587,0.3966,0.739,0.1897,0.537,0.069,0.62
5,2,2x<=5,696,6.2,0.6193,0.946,0.4526,0.88,0.2687,0.845,0.1149,0.783,0.4267,0.795,0.2845,0.805,0.1034,0.931
5,3,3x<=5,222,2.0,0.5766,0.881,0.4054,0.788,0.2568,0.808,0.1036,0.705,0.3604,0.671,0.2342,0.663,0.0586,0.527
5,4,4x<=5,88,0.8,0.6136,0.937,0.4205,0.817,0.2273,0.715,0.0795,0.542,0.4432,0.825,0.2273,0.643,0.0682,0.613
5,5,5x<=5,29,0.3,0.4828,0.737,0.2759,0.536,0.1724,0.542,0.069,0.47,0.3793,0.706,0.1379,0.39,0.0,0.0
6,2,2x<=6,879,7.9,0.6212,0.949,0.4619,0.898,0.2765,0.87,0.1274,0.868,0.4505,0.839,0.2981,0.843,0.099,0.89
6,3,3x<=6,295,2.6,0.5932,0.906,0.4271,0.83,0.2746,0.864,0.1322,0.9,0.4068,0.758,0.2814,0.796,0.061,0.549
6,4,4x<=6,124,1.1,0.629,0.961,0.4597,0.893,0.2823,0.888,0.1371,0.933,0.5242,0.976,0.3387,0.958,0.0645,0.58
6,5,5x<=6,39,0.3,0.5128,0.783,0.3077,0.598,0.1795,0.565,0.0769,0.524,0.4615,0.86,0.2308,0.653,0.0,0.0
8,2,2x<=8,1274,11.4,0.6005,0.917,0.449,0.873,0.2637,0.83,0.1232,0.839,0.4702,0.876,0.3085,0.873,0.0934,0.84
8,3,3x<=8,508,4.6,0.5768,0.881,0.4055,0.788,0.2421,0.762,0.1181,0.804,0.4331,0.807,0.2835,0.802,0.0571,0.514
8,4,4x<=8,223,2.0,0.6099,0.931,0.426,0.828,0.2601,0.818,0.1345,0.916,0.5112,0.952,0.3453,0.977,0.0628,0.565
8,5,5x<=8,76,0.7,0.5132,0.784,0.3421,0.665,0.1974,0.621,0.1184,0.806,0.5,0.931,0.3553,1.005,0.0263,0.237
8,6,6x<=8,27,0.2,0.6667,1.018,0.4074,0.792,0.1481,0.466,0.1111,0.757,0.5185,0.966,0.2593,0.734,0.0,0.0
10,2,2x<=10,1618,14.5,0.6162,0.941,0.4635,0.901,0.2794,0.879,0.1316,0.896,0.4889,0.91,0.3146,0.89,0.097,0.873
10,3,3x<=10,692,6.2,0.5968,0.912,0.4292,0.834,0.2572,0.809,0.1243,0.846,0.4494,0.837,0.2818,0.797,0.0679,0.611
10,4,4x<=10,328,2.9,0.625,0.955,0.439,0.853,0.2622,0.825,0.1341,0.913,0.497,0.925,0.3201,0.906,0.0732,0.658
10,5,5x<=10,135,1.2,0.5333,0.815,0.3704,0.72,0.2222,0.699,0.1481,1.009,0.4667,0.869,0.3111,0.88,0.0593,0.533
10,6,6x<=10,56,0.5,0.6071,0.927,0.4286,0.833,0.1607,0.506,0.1429,0.973,0.6071,1.131,0.3393,0.96,0.0357,0.321
12,2,2x<=12,2012,18.1,0.6163,0.941,0.4612,0.896,0.2768,0.871,0.1262,0.86,0.4801,0.894,0.3042,0.861,0.0924,0.832
12,3,3x<=12,949,8.5,0.5975,0.912,0.4341,0.844,0.2613,0.822,0.1233,0.839,0.4394,0.818,0.2634,0.745,0.0643,0.578
12,4,4x<=12,487,4.4,0.6099,0.931,0.4251,0.826,0.2546,0.801,0.1273,0.867,0.462,0.86,0.2895,0.819,0.0657,0.591
12,5,5x<=12,229,2.1,0.5546,0.847,0.3886,0.755,0.2271,0.714,0.1397,0.951,0.4629,0.862,0.2795,0.791,0.0568,0.511
12,6,6x<=12,108,1.0,0.5833,0.891,0.4074,0.792,0.213,0.67,0.1481,1.009,0.5648,1.052,0.3426,0.969,0.0648,0.583
12,7,7x<=12,43,0.4,0.5349,0.817,0.4419,0.859,0.1628,0.512,0.1163,0.792,0.5116,0.953,0.2093,0.592,0.093,0.837
