cumsum_threshold,cumsum_min_bars,condition,count,pct_of_total,p_reached_2atr,lift_reached_2atr,p_reached_3atr,lift_reached_3atr,p_reached_5atr,lift_reached_5atr,p_reached_8atr,lift_reached_8atr,p_bars_gt_15,lift_bars_gt_15,p_bars_gt_25,lift_bars_gt_25,p_bars_gt_50,lift_bars_gt_50
4,10,cumsum_le4>=10,26,0.2,0.6154,0.94,0.3846,0.748,0.1538,0.484,0.0769,0.524,0.4231,0.788,0.1154,0.326,0.0385,0.346
5,10,cumsum_le5>=10,95,0.9,0.5474,0.836,0.3684,0.716,0.2,0.629,0.0947,0.645,0.4211,0.784,0.2105,0.596,0.0632,0.568
6,10,cumsum_le6>=10,233,2.1,0.6052,0.924,0.4464,0.867,0.2704,0.851,0.1588,1.081,0.5064,0.943,0.3262,0.923,0.0644,0.579
8,10,cumsum_le8>=10,627,5.6,0.5774,0.882,0.4258,0.828,0.236,0.743,0.126,0.858,0.512,0.953,0.3285,0.93,0.075,0.674
8,20,cumsum_le8>=20,65,0.6,0.5692,0.869,0.3846,0.748,0.2154,0.678,0.1692,1.152,0.4308,0.802,0.3538,1.001,0.0462,0.415
10,10,cumsum_le10>=10,1212,10.9,0.6238,0.953,0.4728,0.919,0.2921,0.919,0.1493,1.017,0.5314,0.99,0.3416,0.967,0.1015,0.913
10,20,cumsum_le10>=20,183,1.6,0.6284,0.96,0.4536,0.881,0.2623,0.825,0.1639,1.116,0.4863,0.906,0.3279,0.928,0.0929,0.836
10,30,cumsum_le10>=30,34,0.3,0.5882,0.898,0.4118,0.8,0.1471,0.463,0.1471,1.001,0.5294,0.986,0.2941,0.832,0.0882,0.794
12,10,cumsum_le12>=10,2031,18.2,0.6396,0.977,0.4929,0.958,0.3013,0.948,0.1408,0.959,0.5194,0.967,0.3338,0.945,0.1059,0.952
12,20,cumsum_le12>=20,491,4.4,0.6069,0.927,0.4481,0.871,0.2525,0.794,0.1324,0.901,0.4562,0.85,0.279,0.79,0.0733,0.66
12,30,cumsum_le12>=30,147,1.3,0.5918,0.904,0.415,0.806,0.2245,0.706,0.1429,0.973,0.4762,0.887,0.2789,0.789,0.0884,0.796
12,40,cumsum_le12>=40,43,0.4,0.6744,1.03,0.5349,1.04,0.3023,0.951,0.2326,1.583,0.5349,0.996,0.2791,0.79,0.0465,0.418
