big_threshold,since_min_bars,condition,count,pct_of_total,p_reached_2atr,lift_reached_2atr,p_reached_3atr,lift_reached_3atr,p_reached_5atr,lift_reached_5atr,p_reached_8atr,lift_reached_8atr,p_bars_gt_15,lift_bars_gt_15,p_bars_gt_25,lift_bars_gt_25,p_bars_gt_50,lift_bars_gt_50
15,10,bars_since_big15>=10,3014,27.0,0.648,0.99,0.5027,0.977,0.3059,0.962,0.1427,0.971,0.5192,0.967,0.3295,0.932,0.1058,0.952
15,20,bars_since_big15>=20,1067,9.6,0.6279,0.959,0.4761,0.925,0.2868,0.902,0.1481,1.008,0.4714,0.878,0.2943,0.833,0.0778,0.7
15,30,bars_since_big15>=30,421,3.8,0.6033,0.921,0.4656,0.905,0.285,0.897,0.1663,1.132,0.4846,0.902,0.2898,0.82,0.0831,0.748
15,40,bars_since_big15>=40,163,1.5,0.6442,0.984,0.5153,1.002,0.3006,0.946,0.184,1.253,0.5644,1.051,0.3436,0.972,0.1043,0.938
15,50,bars_since_big15>=50,57,0.5,0.614,0.938,0.4912,0.955,0.2281,0.717,0.0702,0.478,0.4561,0.849,0.2105,0.596,0.1053,0.947
15,60,bars_since_big15>=60,24,0.2,0.75,1.145,0.5833,1.134,0.25,0.786,0.0417,0.284,0.4583,0.854,0.2083,0.59,0.0833,0.75
25,10,bars_since_big25>=10,5770,51.8,0.6593,1.007,0.517,1.005,0.3211,1.01,0.1516,1.033,0.5272,0.982,0.3388,0.959,0.1127,1.013
25,20,bars_since_big25>=20,4078,36.6,0.6594,1.007,0.515,1.001,0.3254,1.024,0.1562,1.064,0.5191,0.967,0.3362,0.951,0.1077,0.968
25,30,bars_since_big25>=30,2863,25.7,0.6605,1.009,0.5152,1.001,0.3255,1.024,0.1561,1.063,0.5215,0.971,0.3364,0.952,0.1058,0.952
25,40,bars_since_big25>=40,1974,17.7,0.6611,1.01,0.5208,1.012,0.3328,1.047,0.1677,1.142,0.5233,0.975,0.3343,0.946,0.1074,0.966
25,50,bars_since_big25>=50,1371,12.3,0.6645,1.015,0.5361,1.042,0.3399,1.069,0.1678,1.142,0.5208,0.97,0.3275,0.927,0.1109,0.997
25,60,bars_since_big25>=60,963,8.6,0.6636,1.013,0.5379,1.045,0.3437,1.081,0.162,1.103,0.5078,0.946,0.3271,0.926,0.107,0.962
25,70,bars_since_big25>=70,705,6.3,0.6454,0.986,0.5262,1.023,0.3475,1.093,0.1702,1.159,0.4851,0.903,0.3035,0.859,0.0908,0.817
25,80,bars_since_big25>=80,506,4.5,0.6482,0.99,0.5237,1.018,0.3439,1.082,0.1542,1.05,0.4783,0.891,0.3103,0.878,0.0929,0.836
25,90,bars_since_big25>=90,362,3.2,0.6326,0.966,0.4945,0.961,0.3315,1.043,0.1575,1.072,0.453,0.844,0.2735,0.774,0.0663,0.596
25,100,bars_since_big25>=100,270,2.4,0.6074,0.928,0.4741,0.921,0.3148,0.99,0.1333,0.908,0.4185,0.779,0.2667,0.755,0.0556,0.5
25,120,bars_since_big25>=120,162,1.5,0.5926,0.905,0.4444,0.864,0.2654,0.835,0.0988,0.672,0.4012,0.747,0.2531,0.716,0.037,0.333
25,150,bars_since_big25>=150,64,0.6,0.4844,0.74,0.4062,0.79,0.2344,0.737,0.1094,0.745,0.4375,0.815,0.2344,0.663,0.0156,0.141
25,200,bars_since_big25>=200,30,0.3,0.3333,0.509,0.2667,0.518,0.1,0.315,0.0,0.0,0.3,0.559,0.1,0.283,0.0333,0.3
50,10,bars_since_big50>=10,9343,83.8,0.6542,0.999,0.5138,0.998,0.32,1.007,0.1477,1.006,0.5301,0.987,0.347,0.982,0.1116,1.004
50,20,bars_since_big50>=20,8799,78.9,0.6544,0.999,0.5132,0.997,0.32,1.007,0.1468,1.0,0.5314,0.99,0.3479,0.984,0.1118,1.006
50,30,bars_since_big50>=30,8308,74.5,0.6531,0.997,0.5119,0.995,0.3199,1.006,0.1466,0.998,0.5313,0.989,0.3464,0.98,0.1113,1.002
50,40,bars_since_big50>=40,7730,69.4,0.6536,0.998,0.5141,0.999,0.3217,1.012,0.1481,1.009,0.5339,0.994,0.3492,0.988,0.1144,1.029
50,50,bars_since_big50>=50,7169,64.3,0.6543,0.999,0.5142,0.999,0.3211,1.01,0.147,1.001,0.5319,0.991,0.3504,0.992,0.1165,1.048
50,60,bars_since_big50>=60,6726,60.3,0.6511,0.994,0.5092,0.99,0.3162,0.995,0.1414,0.963,0.5284,0.984,0.3492,0.988,0.1142,1.027
50,70,bars_since_big50>=70,6279,56.3,0.6523,0.996,0.5119,0.995,0.3198,1.006,0.1409,0.96,0.5299,0.987,0.3512,0.994,0.1159,1.043
50,80,bars_since_big50>=80,5772,51.8,0.6558,1.002,0.5172,1.005,0.3209,1.009,0.1405,0.957,0.5372,1.001,0.3555,1.006,0.1182,1.063
50,90,bars_since_big50>=90,5325,47.8,0.6569,1.003,0.5194,1.01,0.3215,1.011,0.1438,0.979,0.5395,1.005,0.3536,1.001,0.1191,1.071
50,100,bars_since_big50>=100,4980,44.7,0.6554,1.001,0.5197,1.01,0.3225,1.015,0.1452,0.989,0.5367,1.0,0.3482,0.985,0.1163,1.046
50,120,bars_since_big50>=120,4381,39.3,0.654,0.999,0.5227,1.016,0.3269,1.028,0.1502,1.023,0.5362,0.999,0.3479,0.984,0.115,1.035
50,150,bars_since_big50>=150,3516,31.5,0.6536,0.998,0.5267,1.024,0.3385,1.065,0.1581,1.077,0.5378,1.002,0.3527,0.998,0.1195,1.075
50,200,bars_since_big50>=200,2423,21.7,0.6418,0.98,0.5192,1.009,0.3388,1.066,0.1589,1.082,0.5274,0.982,0.3512,0.994,0.1246,1.121
