coin,n_trades,avg_bars,median_bars,max_bars,pct_1bar,avg_atr_pct,p_reached_2atr,p_reached_3atr,p_reached_5atr,p_reached_8atr,p_bars_gt_15,p_bars_gt_25,p_bars_gt_50
TRUMP/USDT:USDT,121,27.7,17.0,178,1.7,3.041,0.7273,0.5207,0.3223,0.1653,0.5537,0.3471,0.157
DOGE/USDT:USDT,248,26.1,22.0,140,5.2,3.006,0.6411,0.4879,0.3145,0.1613,0.625,0.4435,0.125
SUI/USDT:USDT,256,25.6,19.0,181,3.5,3.519,0.6562,0.5273,0.3047,0.1406,0.582,0.3867,0.1406
PENGU/USDT:USDT,139,25.3,17.0,111,0.0,4.29,0.6835,0.5036,0.3094,0.1223,0.5612,0.3094,0.1439
1000PEPE/USDT:USDT,262,25.1,18.0,227,6.1,3.989,0.6489,0.5153,0.3435,0.1603,0.5496,0.3626,0.1298
ATOM/USDT:USDT,261,25.0,19.0,142,3.4,2.562,0.6475,0.5211,0.3333,0.1571,0.5862,0.3755,0.1188
1000BONK/USDT:USDT,262,24.9,19.0,149,4.2,4.422,0.6031,0.4542,0.2939,0.145,0.5687,0.3779,0.1221
BCH/USDT:USDT,263,24.9,20.0,138,4.2,2.492,0.6844,0.5703,0.365,0.1255,0.6046,0.3992,0.1141
ENA/USDT:USDT,203,24.8,17.0,128,2.0,4.458,0.6552,0.4975,0.2709,0.1429,0.5271,0.335,0.1429
VIRTUAL/USDT:USDT,155,24.7,18.0,94,2.6,4.731,0.6581,0.5419,0.3484,0.1226,0.5484,0.3548,0.1484
TAO/USDT:USDT,223,24.5,17.0,121,1.8,3.914,0.6323,0.5022,0.3453,0.1614,0.5471,0.3722,0.1166
STRK/USDT:USDT,217,24.5,18.0,154,5.1,3.816,0.6682,0.5115,0.3041,0.1521,0.5438,0.3779,0.1244
DOT/USDT:USDT,270,24.2,16.0,124,7.0,2.673,0.7,0.537,0.3444,0.163,0.5111,0.3556,0.1259
BNB/USDT:USDT,271,24.1,18.0,132,3.3,1.683,0.6384,0.5092,0.321,0.1624,0.5498,0.3801,0.1144
NEAR/USDT:USDT,272,24.1,18.0,134,4.8,3.401,0.6581,0.5404,0.3419,0.1912,0.5699,0.375,0.1213
APT/USDT:USDT,273,24.0,18.0,107,5.1,3.135,0.6447,0.5055,0.304,0.1062,0.5385,0.3883,0.1172
ARB/USDT:USDT,272,24.0,18.0,157,5.1,3.264,0.6324,0.5037,0.3419,0.1765,0.5404,0.3603,0.1176
HYPE/USDT:USDT,151,23.9,18.0,146,2.6,3.945,0.6291,0.4901,0.2914,0.1126,0.5629,0.3841,0.0662
ETH/USDT:USDT,275,23.9,18.0,176,5.8,2.076,0.6327,0.4727,0.3345,0.1818,0.5564,0.3527,0.0982
OP/USDT:USDT,275,23.8,17.0,107,6.9,3.378,0.6764,0.5455,0.3273,0.1309,0.5273,0.4,0.1345
ORDI/USDT:USDT,278,23.6,18.0,122,5.0,4.052,0.6727,0.5144,0.3417,0.1511,0.5468,0.3669,0.0971
PUMPFUN/USDT:USDT,97,23.6,16.0,98,4.1,4.361,0.6495,0.5258,0.3402,0.1237,0.5155,0.3196,0.1134
AVAX/USDT:USDT,278,23.5,18.0,113,5.0,2.913,0.6403,0.5216,0.3345,0.1439,0.5576,0.3597,0.1043
ADA/USDT:USDT,277,23.4,17.0,164,5.1,2.704,0.6679,0.4946,0.2924,0.1733,0.5271,0.3321,0.13
HBAR/USDT:USDT,280,23.4,17.0,118,3.6,2.972,0.6679,0.4964,0.2893,0.1536,0.5357,0.35,0.1
ZEC/USDT:USDT,279,23.3,18.0,93,1.8,3.704,0.6703,0.5484,0.3405,0.1613,0.552,0.3441,0.1039
LINK/USDT:USDT,280,23.3,17.5,175,3.2,2.727,0.6321,0.5179,0.3,0.1429,0.5429,0.3607,0.0893
FARTCOIN/USDT:USDT,151,23.3,15.0,101,4.6,6.333,0.6358,0.5298,0.298,0.1258,0.4967,0.3642,0.1258
WIF/USDT:USDT,238,23.2,16.0,133,8.8,4.869,0.6639,0.5252,0.3067,0.105,0.5168,0.3319,0.1218
LTC/USDT:USDT,281,23.2,17.0,126,6.4,2.245,0.669,0.5445,0.3132,0.1174,0.5374,0.3523,0.1317
ONDO/USDT:USDT,238,23.0,16.5,138,2.5,3.667,0.6471,0.4958,0.2941,0.1471,0.5252,0.3403,0.0966
TIA/USDT:USDT,261,23.0,17.0,97,2.7,3.969,0.6475,0.5096,0.3218,0.1609,0.5326,0.3525,0.1073
BTC/USDT:USDT,287,22.8,16.0,151,4.9,1.536,0.6655,0.5157,0.2857,0.1429,0.5192,0.3415,0.0976
ALGO/USDT:USDT,287,22.7,17.0,117,4.9,3.036,0.6794,0.5226,0.3484,0.1429,0.5331,0.3484,0.1045
INJ/USDT:USDT,290,22.6,17.0,161,5.9,3.573,0.6345,0.4897,0.3034,0.1207,0.5345,0.3414,0.1034
UNI/USDT:USDT,291,22.6,16.0,129,6.5,3.067,0.6598,0.543,0.3402,0.1478,0.512,0.3299,0.11
XLM/USDT:USDT,288,22.4,17.0,125,3.1,2.402,0.684,0.5312,0.3125,0.1528,0.5139,0.3403,0.1111
LDO/USDT:USDT,290,22.4,17.0,104,7.6,3.511,0.7,0.5241,0.3207,0.1379,0.531,0.3483,0.1069
XRP/USDT:USDT,296,22.2,15.0,125,7.1,2.434,0.6284,0.5439,0.2872,0.1419,0.4797,0.3311,0.0946
SOL/USDT:USDT,293,22.2,17.0,113,5.1,2.823,0.6382,0.4881,0.2799,0.1399,0.5427,0.3174,0.0853
BOME/USDT:USDT,239,21.6,16.0,94,5.4,4.217,0.6862,0.5523,0.3264,0.1674,0.5105,0.3096,0.1046
AAVE/USDT:USDT,304,21.3,15.0,90,3.6,3.144,0.6546,0.523,0.3487,0.1678,0.4934,0.3421,0.0954
SHIB1000/USDT:USDT,310,21.2,16.0,107,7.1,2.818,0.5968,0.471,0.2903,0.1258,0.5194,0.3194,0.0677
HYPER/USDT:USDT,137,20.5,15.0,79,4.4,3.984,0.5912,0.4234,0.2555,0.1022,0.4818,0.2993,0.0876
AERO/USDT:USDT,227,19.6,13.0,91,7.5,3.814,0.674,0.5066,0.3436,0.1674,0.4405,0.2775,0.0925
