,0
2023-08-07 00:00:00+00:00,1000.0
2023-08-08 00:00:00+00:00,1000.0
2023-08-10 00:00:00+00:00,1000.0
2023-08-12 00:00:00+00:00,1000.0
2023-08-16 00:00:00+00:00,1000.0
2023-08-17 00:00:00+00:00,1033.6155852309437
2023-08-18 00:00:00+00:00,1071.214981931619
2023-08-19 00:00:00+00:00,1071.214981931619
2023-08-20 00:00:00+00:00,1076.3982603991656
2023-08-21 00:00:00+00:00,1076.3982603991656
2023-08-22 00:00:00+00:00,1089.0753547992392
2023-08-23 00:00:00+00:00,1089.0753547992392
2023-08-25 00:00:00+00:00,1089.0753547992392
2023-08-26 00:00:00+00:00,1146.0057154134145
2023-08-27 00:00:00+00:00,1193.6247128754535
2023-08-28 00:00:00+00:00,1177.3048858924326
2023-08-29 00:00:00+00:00,1175.3633569814576
2023-08-31 00:00:00+00:00,1179.813075787633
2023-09-02 00:00:00+00:00,1185.698664677551
2023-09-04 00:00:00+00:00,1205.1154844066007
2023-09-08 00:00:00+00:00,1214.6440628582284
2023-09-11 00:00:00+00:00,1214.6440628582284
2023-09-21 00:00:00+00:00,1208.1837494337672
2024-01-09 00:00:00+00:00,1208.1837494337672
2024-01-10 00:00:00+00:00,1208.1837494337672
2024-01-19 00:00:00+00:00,1196.0333979048792
2024-01-20 00:00:00+00:00,1188.4278177890308
2024-01-21 00:00:00+00:00,1188.4278177890308
2024-01-26 00:00:00+00:00,1188.4278177890308
2024-01-30 00:00:00+00:00,1189.5650996896206
2024-01-31 00:00:00+00:00,1201.2001952482756
2024-02-04 00:00:00+00:00,1201.2001952482756
2024-02-05 00:00:00+00:00,1206.6817408159084
2024-02-07 00:00:00+00:00,1206.6817408159084
2024-02-14 00:00:00+00:00,1175.2851759892533
2024-02-17 00:00:00+00:00,1114.1539271657532
2024-04-13 00:00:00+00:00,1114.1539271657532
2024-04-14 00:00:00+00:00,1114.1539271657532
2024-04-17 00:00:00+00:00,1114.1539271657532
2024-04-18 00:00:00+00:00,1114.1539271657532
2024-04-20 00:00:00+00:00,1114.1539271657532
2024-04-21 00:00:00+00:00,1114.1539271657532
2024-04-22 00:00:00+00:00,1114.1539271657532
2024-04-23 00:00:00+00:00,1083.862081705629
2024-04-24 00:00:00+00:00,1094.9487801821817
2024-04-25 00:00:00+00:00,1094.9487801821817
2024-04-27 00:00:00+00:00,1081.0358563582115
2024-04-28 00:00:00+00:00,1061.0234902776801
2024-04-29 00:00:00+00:00,1061.0234902776801
2024-04-30 00:00:00+00:00,1057.015658005536
2024-05-01 00:00:00+00:00,1085.3149215546512
2024-05-02 00:00:00+00:00,1088.7856268147686
2024-05-03 00:00:00+00:00,1099.0113093285909
2024-05-04 00:00:00+00:00,1107.5375084223488
2024-05-05 00:00:00+00:00,1120.0207716190598
2024-05-06 00:00:00+00:00,1120.0207716190598
2024-05-08 00:00:00+00:00,1134.9559275671973
2024-05-09 00:00:00+00:00,1129.925197623607
2024-05-14 00:00:00+00:00,1160.601297772129
2024-05-15 00:00:00+00:00,1168.3907835112022
2024-05-16 00:00:00+00:00,1176.0843291855165
2024-05-18 00:00:00+00:00,1170.022683989205
2024-06-14 00:00:00+00:00,1170.022683989205
2024-06-16 00:00:00+00:00,1170.022683989205
2024-06-22 00:00:00+00:00,1170.022683989205
2024-06-24 00:00:00+00:00,1198.8484110444238
2024-06-25 00:00:00+00:00,1198.8484110444238
2024-06-26 00:00:00+00:00,1233.0290474634435
2024-06-28 00:00:00+00:00,1233.0290474634435
2024-07-01 00:00:00+00:00,1233.0290474634435
2024-07-02 00:00:00+00:00,1223.3514090204176
2024-07-04 00:00:00+00:00,1223.3514090204176
2024-07-05 00:00:00+00:00,1255.0110295914405
2024-07-08 00:00:00+00:00,1275.3734951216297
2024-07-09 00:00:00+00:00,1275.3734951216297
2024-07-10 00:00:00+00:00,1275.3734951216297
2024-07-11 00:00:00+00:00,1284.6091894816268
2024-07-14 00:00:00+00:00,1289.8504695875508
2024-07-19 00:00:00+00:00,1267.543569497277
2024-07-20 00:00:00+00:00,1269.903080078079
2024-07-21 00:00:00+00:00,1250.0374087573225
2024-08-03 00:00:00+00:00,1250.0374087573225
2024-08-04 00:00:00+00:00,1250.0374087573225
2024-08-08 00:00:00+00:00,1250.0374087573225
2024-08-10 00:00:00+00:00,1250.0374087573225
2024-08-13 00:00:00+00:00,1263.144114430371
2024-08-14 00:00:00+00:00,1274.3139727336018
2024-08-16 00:00:00+00:00,1274.3139727336018
2024-08-18 00:00:00+00:00,1253.6701858933989
2024-08-20 00:00:00+00:00,1290.4203499623745
2024-08-26 00:00:00+00:00,1274.1443992829713
2024-08-31 00:00:00+00:00,1274.1443992829713
2024-09-10 00:00:00+00:00,1276.1765372223235
2024-10-24 00:00:00+00:00,1276.1765372223235
2024-11-03 00:00:00+00:00,1281.8065911931794
2024-12-23 00:00:00+00:00,1281.8065911931794
2024-12-24 00:00:00+00:00,1281.8065911931794
2024-12-30 00:00:00+00:00,1281.8065911931794
2025-01-01 00:00:00+00:00,1281.8065911931794
2025-01-02 00:00:00+00:00,1274.6628178955536
2025-01-03 00:00:00+00:00,1266.8171140107927
2025-01-09 00:00:00+00:00,1272.861702328085
2025-01-10 00:00:00+00:00,1272.861702328085
2025-01-11 00:00:00+00:00,1295.8521807113223
2025-01-12 00:00:00+00:00,1295.8521807113223
2025-01-14 00:00:00+00:00,1295.8521807113223
2025-01-19 00:00:00+00:00,1295.8521807113223
2025-01-20 00:00:00+00:00,1311.1276909011574
2025-01-22 00:00:00+00:00,1250.3041187150684
2025-01-24 00:00:00+00:00,1245.990211853349
2025-01-25 00:00:00+00:00,1245.990211853349
2025-01-26 00:00:00+00:00,1245.990211853349
2025-01-28 00:00:00+00:00,1245.990211853349
2025-01-29 00:00:00+00:00,1248.274980595239
2025-01-30 00:00:00+00:00,1259.2321919611845
2025-01-31 00:00:00+00:00,1259.2321919611845
2025-02-03 00:00:00+00:00,1315.5660618027164
2025-02-04 00:00:00+00:00,1374.452415340993
2025-02-05 00:00:00+00:00,1389.368019826057
2025-02-06 00:00:00+00:00,1389.368019826057
2025-02-07 00:00:00+00:00,1526.108518553441
2025-02-08 00:00:00+00:00,1526.108518553441
2025-02-09 00:00:00+00:00,1547.0746966423696
2025-02-10 00:00:00+00:00,1641.6019294138964
2025-02-13 00:00:00+00:00,1641.6019294138964
2025-02-14 00:00:00+00:00,1629.3959563989672
2025-02-15 00:00:00+00:00,1630.6359512113368
2025-02-16 00:00:00+00:00,1645.377747757199
2025-02-18 00:00:00+00:00,1642.2611223398435
2025-02-22 00:00:00+00:00,1642.2611223398435
2025-02-23 00:00:00+00:00,1645.4195469821786
2025-02-24 00:00:00+00:00,1684.1837104523004
2025-02-28 00:00:00+00:00,1684.1837104523004
2025-03-01 00:00:00+00:00,1684.1837104523004
2025-03-02 00:00:00+00:00,1684.1837104523004
2025-03-04 00:00:00+00:00,1760.0777119605734
2025-03-06 00:00:00+00:00,1788.8131060396795
2025-03-10 00:00:00+00:00,1837.655316258834
2025-03-11 00:00:00+00:00,1848.3885628009568
2025-03-12 00:00:00+00:00,1975.813506366667
2025-03-14 00:00:00+00:00,1983.3990411374632
2025-03-19 00:00:00+00:00,1983.3990411374632
2025-03-21 00:00:00+00:00,1959.6360633923814
2025-03-22 00:00:00+00:00,1936.3994971473667
2025-03-24 00:00:00+00:00,1921.6051995376874
2025-03-29 00:00:00+00:00,1940.1633303906958
2025-04-01 00:00:00+00:00,1954.4297063058252
2025-04-13 00:00:00+00:00,1954.4297063058252
2025-04-23 00:00:00+00:00,1948.9903266387441
2025-06-08 00:00:00+00:00,1948.9903266387441
2025-06-15 00:00:00+00:00,1948.9903266387441
2025-06-16 00:00:00+00:00,1948.9903266387441
2025-06-18 00:00:00+00:00,1965.2473252540165
2025-06-23 00:00:00+00:00,1965.2473252540165
2025-06-25 00:00:00+00:00,1966.4016823036472
2025-06-26 00:00:00+00:00,1971.6339271460697
2025-07-01 00:00:00+00:00,1971.6339271460697
2025-07-02 00:00:00+00:00,1971.6339271460697
2025-07-03 00:00:00+00:00,1921.4404457482744
2025-07-05 00:00:00+00:00,1914.341508484046
2025-07-11 00:00:00+00:00,1884.2093853911174
2025-07-12 00:00:00+00:00,1835.8365284329009
2025-07-22 00:00:00+00:00,1835.8365284329009
2025-08-01 00:00:00+00:00,1948.0151080737044
2025-08-02 00:00:00+00:00,1948.0151080737044
2025-08-06 00:00:00+00:00,1948.0151080737044
2025-08-12 00:00:00+00:00,1929.8257644342932
2025-08-16 00:00:00+00:00,1925.4863807054262
2025-08-21 00:00:00+00:00,1925.4863807054262
2025-08-26 00:00:00+00:00,1925.4863807054262
2025-08-30 00:00:00+00:00,1925.4863807054262
2025-08-31 00:00:00+00:00,1967.517722344384
2025-09-05 00:00:00+00:00,1968.6135939297048
2025-09-06 00:00:00+00:00,1968.6135939297048
2025-09-09 00:00:00+00:00,1958.246248617114
2025-09-10 00:00:00+00:00,1938.498922123855
2025-09-16 00:00:00+00:00,1933.635752999359
2025-09-24 00:00:00+00:00,1933.635752999359
2025-09-26 00:00:00+00:00,1933.635752999359
2025-09-29 00:00:00+00:00,1933.635752999359
2025-10-01 00:00:00+00:00,1933.635752999359
2025-10-04 00:00:00+00:00,1932.905692883863
2025-10-06 00:00:00+00:00,1910.3403030652976
2025-10-09 00:00:00+00:00,1892.2785106061174
2025-10-11 00:00:00+00:00,1972.6332581066995
2025-10-12 00:00:00+00:00,1972.6332581066995
2025-10-13 00:00:00+00:00,1972.6332581066995
2025-10-14 00:00:00+00:00,1972.6332581066995
2025-10-15 00:00:00+00:00,1972.6332581066995
2025-10-16 00:00:00+00:00,2026.3935906168758
2025-10-18 00:00:00+00:00,2026.3935906168758
2025-10-19 00:00:00+00:00,2117.018879949035
2025-10-21 00:00:00+00:00,2084.329310325283
2025-10-22 00:00:00+00:00,2102.200134336896
2025-10-23 00:00:00+00:00,2114.826508576803
2025-10-24 00:00:00+00:00,2141.674663103144
2025-10-25 00:00:00+00:00,2166.7422921329044
2025-10-28 00:00:00+00:00,2120.1736458073333
2025-10-29 00:00:00+00:00,2098.0106310082174
2025-10-31 00:00:00+00:00,2139.319113635854
2025-11-02 00:00:00+00:00,2089.8341142491413
2025-11-03 00:00:00+00:00,2124.7254010420174
2025-11-04 00:00:00+00:00,2297.686982019104
2025-11-05 00:00:00+00:00,2297.686982019104
2025-11-07 00:00:00+00:00,2297.686982019104
2025-11-08 00:00:00+00:00,2328.4674002768384
2025-11-12 00:00:00+00:00,2328.4674002768384
2025-11-13 00:00:00+00:00,2328.4674002768384
2025-11-15 00:00:00+00:00,2342.2363254551115
2025-11-17 00:00:00+00:00,2375.6985402689365
2025-11-22 00:00:00+00:00,2442.58132997654
2025-11-23 00:00:00+00:00,2493.0659462273184
2025-12-03 00:00:00+00:00,2473.2514966245285
2025-12-06 00:00:00+00:00,2473.2514966245285
2025-12-11 00:00:00+00:00,2473.2514966245285
2025-12-16 00:00:00+00:00,2475.0867094001433
2025-12-21 00:00:00+00:00,2564.207443356953
2026-02-09 00:00:00+00:00,2564.207443356953
2026-02-12 00:00:00+00:00,2564.207443356953
2026-02-19 00:00:00+00:00,2542.107371243591
2026-02-22 00:00:00+00:00,2517.2436773836603
2026-06-05 00:00:00+00:00,2517.2436773836603
2026-06-07 00:00:00+00:00,2517.2436773836603
2026-06-08 00:00:00+00:00,2517.2436773836603
2026-06-12 00:00:00+00:00,2517.2436773836603
2026-06-15 00:00:00+00:00,2504.8823748735585
2026-06-17 00:00:00+00:00,2450.671761974191
2026-06-18 00:00:00+00:00,2445.2010072221274
2026-06-22 00:00:00+00:00,2447.3038484976346
2026-07-13 00:00:00+00:00,2447.3038484976346
2026-07-23 00:00:00+00:00,2399.1054091669102
