n,wins,winrate,ci_low,ci_high,avg_return,median_return,std_return,sharpe_per_trade,max_dd,profit_factor,tf,indicator,N_dir
112,46,0.4107,0.324,0.5033,0.00121,-0.02116,0.08307,0.01,-0.5972,1.04,12h,AO,1
159,48,0.3019,0.2359,0.3772,-0.00308,-0.02184,0.07552,-0.04,-0.7715,0.89,12h,AO,2
167,72,0.4311,0.3584,0.507,0.00805,-0.0114,0.05995,0.13,-0.2943,1.44,12h,AO,3
151,60,0.3974,0.3228,0.477,-0.00163,-0.01887,0.06506,-0.02,-0.5255,0.94,12h,AO,4
126,41,0.3254,0.2498,0.4113,-0.00695,-0.0203,0.0554,-0.13,-0.7219,0.73,12h,AO,5
50,20,0.4,0.2761,0.5382,0.00399,-0.01634,0.04321,0.09,-0.1567,1.24,12h,AO,6
17,8,0.4706,0.2616,0.6904,0.00272,-0.01967,0.04003,0.07,-0.1369,1.16,12h,AO,7
171,67,0.3918,0.3218,0.4666,-0.00585,-0.02239,0.08434,-0.07,-0.8254,0.84,12h,CMF,1
201,66,0.3284,0.2672,0.396,-0.00399,-0.02455,0.07882,-0.05,-0.817,0.87,12h,CMF,2
198,83,0.4192,0.3526,0.4888,0.00776,-0.01197,0.06003,0.13,-0.3083,1.42,12h,CMF,3
170,67,0.3941,0.3238,0.4691,-0.00327,-0.01888,0.06323,-0.05,-0.6582,0.88,12h,CMF,4
132,44,0.3333,0.2586,0.4175,-0.00559,-0.01989,0.05475,-0.1,-0.6994,0.77,12h,CMF,5
57,24,0.4211,0.3019,0.5502,0.00382,-0.01442,0.03995,0.1,-0.1567,1.24,12h,CMF,6
18,8,0.4444,0.2456,0.6628,0.00029,-0.02207,0.04017,0.01,-0.1399,1.02,12h,CMF,7
141,54,0.383,0.3069,0.4653,-0.00562,-0.02279,0.08084,-0.07,-0.7822,0.84,12h,EFI,1
200,61,0.305,0.2454,0.372,-0.01039,-0.02533,0.07517,-0.14,-0.9314,0.69,12h,EFI,2
196,81,0.4133,0.3466,0.4832,0.00663,-0.01213,0.05965,0.11,-0.3828,1.35,12h,EFI,3
166,65,0.3916,0.3206,0.4675,-0.00303,-0.01881,0.06307,-0.05,-0.686,0.88,12h,EFI,4
132,44,0.3333,0.2586,0.4175,-0.00488,-0.01929,0.05561,-0.09,-0.6669,0.8,12h,EFI,5
56,23,0.4107,0.2917,0.5412,0.00272,-0.01513,0.03944,0.07,-0.1567,1.17,12h,EFI,6
17,8,0.4706,0.2616,0.6904,0.00181,-0.01967,0.04083,0.04,-0.1173,1.1,12h,EFI,7
13,8,0.6154,0.3552,0.8229,0.02561,0.04081,0.07399,0.35,-0.0909,2.26,12h,Fisher,1
10,4,0.4,0.1682,0.6873,0.0121,-0.00778,0.06862,0.18,-0.0574,1.66,12h,Fisher,2
4,0,0.0,0.0,0.4899,-0.02819,-0.02849,0.00864,-3.26,-0.0774,0.0,12h,Fisher,3
5,0,0.0,0.0,0.4345,-0.04932,-0.05642,0.01649,-2.99,-0.1731,0.0,12h,Fisher,4
3,2,0.6667,0.2077,0.9385,0.0693,0.08555,0.08333,0.83,0.0,6.21,12h,Fisher,5
1,0,0.0,0.0,0.7935,-0.03519,-0.03519,0.0,0.0,0.0,0.0,12h,Fisher,6
1,1,1.0,0.2065,1.0,0.07765,0.07765,0.0,0.0,0.0,999.0,12h,Fisher,7
185,74,0.4,0.3321,0.4719,-0.00413,-0.02075,0.07643,-0.05,-0.8369,0.87,12h,KVO,1
227,75,0.3304,0.2725,0.394,-0.00319,-0.02233,0.0784,-0.04,-0.7784,0.89,12h,KVO,2
206,83,0.4029,0.3383,0.4711,0.00613,-0.01266,0.05919,0.1,-0.3461,1.32,12h,KVO,3
175,66,0.3771,0.3087,0.4509,-0.00482,-0.01889,0.06201,-0.08,-0.7294,0.82,12h,KVO,4
137,46,0.3358,0.2621,0.4184,-0.00501,-0.01905,0.05472,-0.09,-0.6811,0.79,12h,KVO,5
58,25,0.431,0.3118,0.5588,0.00597,-0.0133,0.04281,0.14,-0.1567,1.38,12h,KVO,6
18,8,0.4444,0.2456,0.6628,0.00029,-0.02207,0.04017,0.01,-0.1399,1.02,12h,KVO,7
158,63,0.3987,0.3257,0.4766,-0.00572,-0.0225,0.08376,-0.07,-0.8098,0.84,12h,MACD,1
209,65,0.311,0.2521,0.3767,-0.00481,-0.02269,0.07819,-0.06,-0.8542,0.84,12h,MACD,2
192,75,0.3906,0.3244,0.4611,0.00473,-0.01316,0.05972,0.08,-0.3474,1.24,12h,MACD,3
168,67,0.3988,0.3278,0.4743,-0.00255,-0.0185,0.06305,-0.04,-0.6432,0.9,12h,MACD,4
132,45,0.3409,0.2656,0.4252,-0.00446,-0.0183,0.05467,-0.08,-0.6152,0.81,12h,MACD,5
54,22,0.4074,0.2868,0.5403,0.00298,-0.01513,0.03929,0.08,-0.1567,1.19,12h,MACD,6
18,8,0.4444,0.2456,0.6628,0.00029,-0.02207,0.04017,0.01,-0.1399,1.02,12h,MACD,7
125,50,0.4,0.3183,0.4876,-0.00219,-0.02164,0.0866,-0.03,-0.6487,0.94,12h,RSI,1
179,61,0.3408,0.2753,0.4129,-0.00412,-0.02168,0.07661,-0.05,-0.7872,0.86,12h,RSI,2
181,74,0.4088,0.3398,0.4816,0.00733,-0.01259,0.06093,0.12,-0.3497,1.38,12h,RSI,3
155,61,0.3935,0.3201,0.4721,-0.00418,-0.01887,0.05828,-0.07,-0.6202,0.84,12h,RSI,4
122,41,0.3361,0.2584,0.4238,-0.00431,-0.0183,0.05594,-0.08,-0.5874,0.82,12h,RSI,5
52,23,0.4423,0.3159,0.5766,0.00628,-0.01186,0.04238,0.15,-0.1549,1.41,12h,RSI,6
18,8,0.4444,0.2456,0.6628,0.00029,-0.02207,0.04017,0.01,-0.1399,1.02,12h,RSI,7
147,56,0.381,0.3064,0.4615,-0.0056,-0.02279,0.08429,-0.07,-0.7773,0.84,12h,STC,1
193,64,0.3316,0.269,0.4007,-0.00186,-0.02168,0.07827,-0.02,-0.7723,0.94,12h,STC,2
184,75,0.4076,0.3392,0.4798,0.00449,-0.01213,0.05726,0.08,-0.3083,1.23,12h,STC,3
158,60,0.3797,0.3078,0.4574,-0.00321,-0.01888,0.06396,-0.05,-0.6315,0.88,12h,STC,4
130,45,0.3462,0.2698,0.4313,-0.00426,-0.01873,0.05488,-0.08,-0.6167,0.82,12h,STC,5
56,25,0.4464,0.3239,0.5759,0.00761,-0.01186,0.04263,0.18,-0.1298,1.51,12h,STC,6
18,8,0.4444,0.2456,0.6628,0.00029,-0.02207,0.04017,0.01,-0.1399,1.02,12h,STC,7
164,61,0.372,0.3017,0.4481,-0.00672,-0.02424,0.08272,-0.08,-0.8651,0.81,12h,VZO,1
224,75,0.3348,0.2763,0.3989,-0.00213,-0.02069,0.07845,-0.03,-0.6971,0.93,12h,VZO,2
203,81,0.399,0.3341,0.4677,0.00629,-0.01272,0.06008,0.1,-0.3917,1.33,12h,VZO,3
171,68,0.3977,0.3273,0.4725,-0.00324,-0.01875,0.06313,-0.05,-0.6402,0.88,12h,VZO,4
135,44,0.3259,0.2526,0.4089,-0.00601,-0.01953,0.05435,-0.11,-0.6931,0.75,12h,VZO,5
58,25,0.431,0.3118,0.5588,0.00597,-0.0133,0.04281,0.14,-0.1567,1.38,12h,VZO,6
18,8,0.4444,0.2456,0.6628,0.00029,-0.02207,0.04017,0.01,-0.1399,1.02,12h,VZO,7
47,16,0.3404,0.2217,0.4833,-0.0183,-0.02643,0.08842,-0.21,-0.7085,0.59,1d,AO,1
81,31,0.3827,0.2845,0.4916,-0.00837,-0.02339,0.08103,-0.1,-0.7486,0.78,1d,AO,2
89,40,0.4494,0.3503,0.5527,2e-05,-0.01227,0.06664,0.0,-0.5129,1.0,1d,AO,3
80,29,0.3625,0.2657,0.4719,-0.00425,-0.02186,0.06829,-0.06,-0.7442,0.86,1d,AO,4
59,25,0.4237,0.3061,0.5507,-0.00984,-0.01678,0.05348,-0.18,-0.5462,0.64,1d,AO,5
43,17,0.3953,0.2637,0.5442,0.01017,-0.01612,0.05882,0.17,-0.2025,1.58,1d,AO,6
17,5,0.2941,0.1328,0.5313,-0.0197,-0.03003,0.03899,-0.51,-0.2652,0.3,1d,AO,7
78,33,0.4231,0.3196,0.5338,-0.00609,-0.02198,0.08871,-0.07,-0.7388,0.85,1d,CMF,1
118,46,0.3898,0.3066,0.48,0.0009,-0.02221,0.08078,0.01,-0.7814,1.03,1d,CMF,2
113,52,0.4602,0.3711,0.5519,0.00074,-0.01329,0.06441,0.01,-0.5668,1.03,1d,CMF,3
97,38,0.3918,0.3005,0.4912,-0.00055,-0.02021,0.07133,-0.01,-0.7116,0.98,1d,CMF,4
66,25,0.3788,0.2715,0.4994,-0.01423,-0.0212,0.053,-0.27,-0.6938,0.53,1d,CMF,5
44,18,0.4091,0.2769,0.5559,0.01028,-0.01537,0.05815,0.18,-0.1905,1.6,1d,CMF,6
17,5,0.2941,0.1328,0.5313,-0.0197,-0.03003,0.03899,-0.51,-0.2652,0.3,1d,CMF,7
57,19,0.3333,0.2249,0.4628,-0.01617,-0.02813,0.08074,-0.2,-0.6823,0.62,1d,EFI,1
103,38,0.3689,0.282,0.4653,-0.00123,-0.02605,0.08654,-0.01,-0.8189,0.97,1d,EFI,2
104,51,0.4904,0.3964,0.5851,0.00434,-0.00636,0.06408,0.07,-0.4853,1.19,1d,EFI,3
93,39,0.4194,0.3242,0.5209,0.00213,-0.01507,0.07243,0.03,-0.6136,1.08,1d,EFI,4
65,26,0.4,0.2897,0.5214,-0.01222,-0.02066,0.05355,-0.23,-0.6456,0.58,1d,EFI,5
44,18,0.4091,0.2769,0.5559,0.01028,-0.01537,0.05815,0.18,-0.1905,1.6,1d,EFI,6
16,5,0.3125,0.1416,0.556,-0.01722,-0.0252,0.03887,-0.44,-0.2188,0.35,1d,EFI,7
4,2,0.5,0.15,0.85,0.05897,0.04635,0.09362,0.63,-0.0631,4.68,1d,Fisher,1
15,5,0.3333,0.1518,0.5829,-0.02004,-0.02452,0.08412,-0.24,-0.2922,0.57,1d,Fisher,2
11,6,0.5455,0.2801,0.7873,0.01211,0.01868,0.05639,0.21,-0.0781,1.6,1d,Fisher,3
6,2,0.3333,0.0968,0.7,-0.03173,-0.03519,0.07395,-0.43,-0.1364,0.37,1d,Fisher,4
5,3,0.6,0.2307,0.8824,0.01112,0.03165,0.0618,0.18,-0.1177,1.46,1d,Fisher,5
1,1,1.0,0.2065,1.0,0.07291,0.07291,0.0,0.0,0.0,999.0,1d,Fisher,6
2,0,0.0,0.0,0.6576,-0.06966,-0.06966,0.03013,-2.31,-0.0395,0.0,1d,Fisher,7
75,30,0.4,0.2966,0.5131,-0.00408,-0.02521,0.08535,-0.05,-0.6185,0.89,1d,KVO,1
121,50,0.4132,0.3295,0.5023,0.00273,-0.02275,0.08413,0.03,-0.7997,1.08,1d,KVO,2
116,54,0.4655,0.3773,0.5559,0.00143,-0.01214,0.06368,0.02,-0.4927,1.06,1d,KVO,3
95,39,0.4105,0.317,0.511,0.00091,-0.01633,0.06959,0.01,-0.6282,1.03,1d,KVO,4
68,26,0.3824,0.2761,0.5012,-0.01322,-0.0212,0.05333,-0.25,-0.6823,0.56,1d,KVO,5
44,18,0.4091,0.2769,0.5559,0.01028,-0.01537,0.05815,0.18,-0.1905,1.6,1d,KVO,6
17,5,0.2941,0.1328,0.5313,-0.0197,-0.03003,0.03899,-0.51,-0.2652,0.3,1d,KVO,7
73,29,0.3973,0.2929,0.5119,-0.00275,-0.02401,0.08441,-0.03,-0.6323,0.93,1d,MACD,1
111,42,0.3784,0.2937,0.4712,0.00147,-0.02395,0.08398,0.02,-0.8112,1.04,1d,MACD,2
110,49,0.4455,0.356,0.5386,-0.00051,-0.0133,0.05971,-0.01,-0.5166,0.98,1d,MACD,3
92,36,0.3913,0.2979,0.4935,-0.00066,-0.02186,0.07104,-0.01,-0.6466,0.98,1d,MACD,4
67,26,0.3881,0.2805,0.5078,-0.01289,-0.02081,0.05282,-0.24,-0.6696,0.56,1d,MACD,5
43,18,0.4186,0.2838,0.5667,0.01127,-0.01462,0.05845,0.19,-0.1842,1.67,1d,MACD,6
17,5,0.2941,0.1328,0.5313,-0.0197,-0.03003,0.03899,-0.51,-0.2652,0.3,1d,MACD,7
53,19,0.3585,0.243,0.4931,-0.00863,-0.02597,0.08297,-0.1,-0.539,0.78,1d,RSI,1
84,33,0.3929,0.2953,0.4998,0.00075,-0.02341,0.09053,0.01,-0.7361,1.02,1d,RSI,2
96,46,0.4792,0.382,0.578,0.00254,-0.01125,0.06216,0.04,-0.4283,1.11,1d,RSI,3
82,29,0.3537,0.2589,0.4616,-0.00504,-0.02435,0.06821,-0.07,-0.7164,0.83,1d,RSI,4
63,25,0.3968,0.2853,0.5202,-0.01392,-0.0216,0.0534,-0.26,-0.673,0.54,1d,RSI,5
43,17,0.3953,0.2637,0.5442,0.01017,-0.01612,0.05882,0.17,-0.2025,1.58,1d,RSI,6
15,3,0.2,0.0705,0.4519,-0.02526,-0.03501,0.03788,-0.67,-0.2652,0.21,1d,RSI,7
66,28,0.4242,0.3124,0.5444,0.00419,-0.02389,0.08279,0.05,-0.4299,1.13,1d,STC,1
96,37,0.3854,0.2943,0.4854,-0.00163,-0.02221,0.08021,-0.02,-0.7702,0.95,1d,STC,2
98,42,0.4286,0.3351,0.5274,-0.00317,-0.01336,0.06385,-0.05,-0.5883,0.88,1d,STC,3
94,36,0.383,0.2911,0.484,-0.00201,-0.02186,0.07316,-0.03,-0.7088,0.93,1d,STC,4
67,27,0.403,0.2939,0.5226,-0.01165,-0.02081,0.05377,-0.22,-0.6418,0.6,1d,STC,5
44,18,0.4091,0.2769,0.5559,0.01028,-0.01537,0.05815,0.18,-0.1905,1.6,1d,STC,6
17,5,0.2941,0.1328,0.5313,-0.0197,-0.03003,0.03899,-0.51,-0.2652,0.3,1d,STC,7
70,26,0.3714,0.2677,0.4885,-0.00695,-0.02569,0.08469,-0.08,-0.7241,0.82,1d,VZO,1
122,46,0.377,0.296,0.4656,-0.00128,-0.02281,0.08329,-0.02,-0.8029,0.96,1d,VZO,2
110,51,0.4636,0.3732,0.5565,0.00093,-0.01214,0.06113,0.02,-0.4506,1.04,1d,VZO,3
97,38,0.3918,0.3005,0.4912,-0.00209,-0.02021,0.07012,-0.03,-0.6669,0.93,1d,VZO,4
67,27,0.403,0.2939,0.5226,-0.01138,-0.02066,0.05377,-0.21,-0.6351,0.61,1d,VZO,5
44,18,0.4091,0.2769,0.5559,0.01028,-0.01537,0.05815,0.18,-0.1905,1.6,1d,VZO,6
17,5,0.2941,0.1328,0.5313,-0.0197,-0.03003,0.03899,-0.51,-0.2652,0.3,1d,VZO,7
11,7,0.6364,0.3538,0.8483,0.03635,0.00896,0.07562,0.48,-0.1111,3.79,1w,AO,1
6,3,0.5,0.1876,0.8124,0.02545,0.00579,0.06227,0.41,-0.0113,2.88,1w,AO,2
16,6,0.375,0.1848,0.6136,0.00025,-0.023,0.05183,0.0,-0.1518,1.01,1w,AO,3
11,3,0.2727,0.0975,0.5657,-0.01107,-0.01643,0.02715,-0.41,-0.1672,0.38,1w,AO,4
8,0,0.0,0.0,0.3244,-0.04809,-0.03552,0.03902,-1.23,-0.3063,0.0,1w,AO,5
2,1,0.5,0.0945,0.9055,-0.0222,-0.0222,0.03069,-0.72,-0.0529,0.16,1w,AO,6
13,7,0.5385,0.2914,0.7679,0.01712,0.00307,0.06812,0.25,-0.1358,2.05,1w,CMF,1
8,3,0.375,0.1368,0.6943,0.01595,-0.01011,0.05641,0.28,-0.0268,2.2,1w,CMF,2
17,5,0.2941,0.1328,0.5313,-0.00643,-0.02708,0.05281,-0.12,-0.1928,0.75,1w,CMF,3
13,5,0.3846,0.1771,0.6448,-0.00084,-0.01572,0.03466,-0.02,-0.177,0.94,1w,CMF,4
7,0,0.0,0.0,0.3543,-0.05039,-0.03619,0.04121,-1.22,-0.2834,0.0,1w,CMF,5
2,1,0.5,0.0945,0.9055,-0.0222,-0.0222,0.03069,-0.72,-0.0529,0.16,1w,CMF,6
12,7,0.5833,0.3195,0.8067,0.02042,0.00602,0.07804,0.26,-0.1358,1.99,1w,EFI,1
10,5,0.5,0.2366,0.7634,0.02814,0.00675,0.05961,0.47,-0.0634,3.65,1w,EFI,2
17,5,0.2941,0.1328,0.5313,-0.00927,-0.02708,0.05089,-0.18,-0.2054,0.64,1w,EFI,3
11,5,0.4545,0.2127,0.7199,0.00241,-0.01572,0.03673,0.07,-0.1453,1.17,1w,EFI,4
9,0,0.0,0.0,0.2992,-0.04448,-0.03486,0.03818,-1.16,-0.3305,0.0,1w,EFI,5
2,1,0.5,0.0945,0.9055,-0.0222,-0.0222,0.03069,-0.72,-0.0529,0.16,1w,EFI,6
6,3,0.5,0.1876,0.8124,0.03374,0.02856,0.06624,0.51,-0.0551,3.33,1w,Fisher,1
5,3,0.6,0.2307,0.8824,0.0312,0.02265,0.04863,0.64,-0.0203,8.63,1w,Fisher,2
8,3,0.375,0.1368,0.6943,-0.00558,-0.023,0.05258,-0.11,-0.1223,0.79,1w,Fisher,3
1,0,0.0,0.0,0.7935,-0.01783,-0.01783,0.0,0.0,0.0,0.0,1w,Fisher,4
6,0,0.0,0.0,0.3903,-0.03195,-0.03343,0.01826,-1.75,-0.1649,0.0,1w,Fisher,5
2,1,0.5,0.0945,0.9055,-0.0222,-0.0222,0.03069,-0.72,-0.0529,0.16,1w,Fisher,6
18,11,0.6111,0.3862,0.797,0.03021,0.01566,0.0727,0.42,-0.1409,2.87,1w,KVO,1
11,5,0.4545,0.2127,0.7199,0.02216,-0.00916,0.05991,0.37,-0.0987,2.69,1w,KVO,2
19,7,0.3684,0.1915,0.5896,-0.00416,-0.02411,0.05039,-0.08,-0.1858,0.82,1w,KVO,3
14,5,0.3571,0.1634,0.6124,-0.00114,-0.01571,0.03341,-0.03,-0.177,0.92,1w,KVO,4
9,0,0.0,0.0,0.2992,-0.04448,-0.03486,0.03818,-1.16,-0.3305,0.0,1w,KVO,5
2,1,0.5,0.0945,0.9055,-0.0222,-0.0222,0.03069,-0.72,-0.0529,0.16,1w,KVO,6
14,8,0.5714,0.3259,0.7862,0.01939,0.01272,0.07674,0.25,-0.151,1.87,1w,MACD,1
7,3,0.4286,0.1582,0.7495,0.03151,-0.00916,0.05884,0.54,-0.0268,5.65,1w,MACD,2
19,7,0.3684,0.1915,0.5896,-0.00416,-0.02411,0.05039,-0.08,-0.1858,0.82,1w,MACD,3
12,5,0.4167,0.1933,0.6805,0.00179,-0.01037,0.03523,0.05,-0.1453,1.13,1w,MACD,4
9,0,0.0,0.0,0.2992,-0.04448,-0.03486,0.03818,-1.16,-0.3305,0.0,1w,MACD,5
2,1,0.5,0.0945,0.9055,-0.0222,-0.0222,0.03069,-0.72,-0.0529,0.16,1w,MACD,6
11,7,0.6364,0.3538,0.8483,0.03394,0.02236,0.07786,0.44,-0.1358,3.03,1w,RSI,1
9,5,0.5556,0.2666,0.8112,0.0325,0.02265,0.06131,0.53,-0.0589,4.07,1w,RSI,2
18,6,0.3333,0.1628,0.5625,-0.00537,-0.02559,0.05151,-0.1,-0.1858,0.78,1w,RSI,3
11,4,0.3636,0.1517,0.6462,-0.00279,-0.01572,0.03319,-0.08,-0.1453,0.81,1w,RSI,4
9,0,0.0,0.0,0.2992,-0.04448,-0.03486,0.03818,-1.16,-0.3305,0.0,1w,RSI,5
2,1,0.5,0.0945,0.9055,-0.0222,-0.0222,0.03069,-0.72,-0.0529,0.16,1w,RSI,6
13,9,0.6923,0.4237,0.8732,0.03192,0.05077,0.07849,0.41,-0.1547,2.66,1w,STC,1
9,3,0.3333,0.1206,0.6458,0.01096,-0.01107,0.05608,0.2,-0.1187,1.69,1w,STC,2
16,6,0.375,0.1848,0.6136,-0.00044,-0.02448,0.05207,-0.01,-0.1586,0.98,1w,STC,3
14,5,0.3571,0.1634,0.6124,-0.00114,-0.01571,0.03341,-0.03,-0.177,0.92,1w,STC,4
9,0,0.0,0.0,0.2992,-0.04448,-0.03486,0.03818,-1.16,-0.3305,0.0,1w,STC,5
2,1,0.5,0.0945,0.9055,-0.0222,-0.0222,0.03069,-0.72,-0.0529,0.16,1w,STC,6
16,10,0.625,0.3864,0.8152,0.02454,0.01566,0.07157,0.34,-0.1358,2.38,1w,VZO,1
11,5,0.4545,0.2127,0.7199,0.02216,-0.00916,0.05991,0.37,-0.0987,2.69,1w,VZO,2
18,7,0.3889,0.203,0.6138,-0.00267,-0.023,0.05136,-0.05,-0.1597,0.88,1w,VZO,3
13,5,0.3846,0.1771,0.6448,-2e-05,-0.01572,0.03442,-0.0,-0.1639,1.0,1w,VZO,4
9,0,0.0,0.0,0.2992,-0.04448,-0.03486,0.03818,-1.16,-0.3305,0.0,1w,VZO,5
2,1,0.5,0.0945,0.9055,-0.0222,-0.0222,0.03069,-0.72,-0.0529,0.16,1w,VZO,6
376,146,0.3883,0.3404,0.4385,-0.00173,-0.01997,0.06981,-0.02,-0.8956,0.94,4h,AO,1
340,121,0.3559,0.3069,0.4081,-0.00317,-0.01688,0.06474,-0.05,-0.9205,0.88,4h,AO,2
294,109,0.3707,0.3175,0.4273,-0.00414,-0.01604,0.0544,-0.08,-0.8041,0.83,4h,AO,3
232,79,0.3405,0.2826,0.4037,-0.00745,-0.01943,0.0499,-0.15,-0.9135,0.69,4h,AO,4
131,50,0.3817,0.303,0.4671,-0.00307,-0.01811,0.04614,-0.07,-0.5781,0.85,4h,AO,5
65,27,0.4154,0.3036,0.5366,-0.00246,-0.01477,0.04383,-0.06,-0.2872,0.87,4h,AO,6
14,5,0.3571,0.1634,0.6124,-0.00554,-0.01901,0.032,-0.17,-0.0803,0.69,4h,AO,7
558,221,0.3961,0.3563,0.4372,-0.00269,-0.01714,0.07326,-0.04,-0.9774,0.91,4h,CMF,1
506,193,0.3814,0.3401,0.4245,-0.00018,-0.01651,0.06783,-0.0,-0.9026,0.99,4h,CMF,2
385,138,0.3584,0.3122,0.4075,-0.00484,-0.01594,0.05515,-0.09,-0.9252,0.8,4h,CMF,3
270,93,0.3444,0.2903,0.403,-0.00527,-0.01885,0.05196,-0.1,-0.9197,0.77,4h,CMF,4
170,63,0.3706,0.3016,0.4453,-0.00377,-0.01808,0.0486,-0.08,-0.6778,0.83,4h,CMF,5
76,30,0.3947,0.2925,0.5071,-0.00354,-0.0153,0.04401,-0.08,-0.4379,0.83,4h,CMF,6
16,5,0.3125,0.1416,0.556,-0.00759,-0.01901,0.03085,-0.25,-0.0997,0.59,4h,CMF,7
457,174,0.3807,0.3374,0.4261,-0.00054,-0.01979,0.07359,-0.01,-0.9011,0.98,4h,EFI,1
432,163,0.3773,0.3329,0.4239,0.00048,-0.01579,0.06936,0.01,-0.8534,1.02,4h,EFI,2
358,131,0.3659,0.3177,0.417,-0.00338,-0.01456,0.05736,-0.06,-0.8672,0.86,4h,EFI,3
251,89,0.3546,0.298,0.4156,-0.00562,-0.01939,0.05142,-0.11,-0.8966,0.76,4h,EFI,4
152,60,0.3947,0.3205,0.4741,-0.00194,-0.0165,0.04897,-0.04,-0.6022,0.91,4h,EFI,5
75,30,0.4,0.2966,0.5131,-0.00459,-0.0153,0.04277,-0.11,-0.4381,0.78,4h,EFI,6
16,5,0.3125,0.1416,0.556,-0.00759,-0.01901,0.03085,-0.25,-0.0997,0.59,4h,EFI,7
3,2,0.6667,0.2077,0.9385,0.05889,0.08442,0.08072,0.73,0.0,4.52,4h,Fisher,1
3,1,0.3333,0.0615,0.7923,0.00286,-0.01348,0.06587,0.04,-0.0684,1.1,4h,Fisher,2
4,3,0.75,0.3006,0.9544,0.03135,0.0317,0.04756,0.66,-0.0362,4.46,4h,Fisher,3
620,243,0.3919,0.3543,0.4309,-0.00168,-0.01982,0.07656,-0.02,-0.9915,0.95,4h,KVO,1
542,207,0.3819,0.342,0.4235,0.00073,-0.01645,0.06776,0.01,-0.8839,1.03,4h,KVO,2
409,150,0.3667,0.3215,0.4145,-0.00337,-0.01562,0.0577,-0.06,-0.8958,0.86,4h,KVO,3
286,100,0.3497,0.2967,0.4066,-0.00493,-0.01833,0.05328,-0.09,-0.9135,0.79,4h,KVO,4
177,66,0.3729,0.305,0.4461,-0.0041,-0.01811,0.04809,-0.09,-0.7055,0.81,4h,KVO,5
78,32,0.4103,0.3078,0.5211,-0.00226,-0.01504,0.04363,-0.05,-0.4066,0.88,4h,KVO,6
16,5,0.3125,0.1416,0.556,-0.00759,-0.01901,0.03085,-0.25,-0.0997,0.59,4h,KVO,7
519,204,0.3931,0.352,0.4357,-4e-05,-0.01896,0.07202,-0.0,-0.8876,1.0,4h,MACD,1
470,170,0.3617,0.3195,0.4061,-0.001,-0.01636,0.06921,-0.01,-0.9277,0.96,4h,MACD,2
370,136,0.3676,0.32,0.4178,-0.00361,-0.01622,0.05774,-0.06,-0.8749,0.85,4h,MACD,3
267,96,0.3596,0.3044,0.4187,-0.0046,-0.01873,0.05431,-0.08,-0.8959,0.81,4h,MACD,4
166,61,0.3675,0.2979,0.443,-0.0045,-0.01836,0.04881,-0.09,-0.696,0.8,4h,MACD,5
77,31,0.4026,0.3002,0.5142,-0.00379,-0.0153,0.04341,-0.09,-0.429,0.81,4h,MACD,6
14,5,0.3571,0.1634,0.6124,-0.00422,-0.01063,0.03147,-0.13,-0.0988,0.75,4h,MACD,7
396,159,0.4015,0.3544,0.4505,0.00042,-0.01869,0.06793,0.01,-0.8378,1.02,4h,RSI,1
384,143,0.3724,0.3255,0.4218,0.00086,-0.01663,0.0709,0.01,-0.8586,1.03,4h,RSI,2
321,111,0.3458,0.2959,0.3994,-0.00503,-0.01682,0.05717,-0.09,-0.909,0.8,4h,RSI,3
235,83,0.3532,0.2949,0.4162,-0.00619,-0.01897,0.05266,-0.12,-0.9116,0.74,4h,RSI,4
147,58,0.3946,0.3192,0.4753,-0.00324,-0.0185,0.04748,-0.07,-0.5733,0.85,4h,RSI,5
72,30,0.4167,0.3099,0.5319,-0.002,-0.01478,0.04361,-0.05,-0.3518,0.9,4h,RSI,6
16,5,0.3125,0.1416,0.556,-0.00759,-0.01901,0.03085,-0.25,-0.0997,0.59,4h,RSI,7
467,177,0.379,0.3362,0.4238,-0.00422,-0.01979,0.07184,-0.06,-0.9785,0.86,4h,STC,1
436,163,0.3739,0.3297,0.4202,-0.00062,-0.01658,0.06728,-0.01,-0.8933,0.98,4h,STC,2
352,125,0.3551,0.3069,0.4064,-0.00342,-0.01578,0.0562,-0.06,-0.8622,0.86,4h,STC,3
258,91,0.3527,0.297,0.4128,-0.0048,-0.01885,0.05409,-0.09,-0.9003,0.8,4h,STC,4
158,61,0.3861,0.3137,0.4638,-0.00204,-0.01651,0.04927,-0.04,-0.553,0.9,4h,STC,5
76,31,0.4079,0.3044,0.5202,-0.00302,-0.01504,0.04307,-0.07,-0.3908,0.85,4h,STC,6
15,5,0.3333,0.1518,0.5829,-0.0076,-0.02426,0.03186,-0.24,-0.0988,0.6,4h,STC,7
528,209,0.3958,0.355,0.4382,-0.00169,-0.01996,0.07134,-0.02,-0.9764,0.94,4h,VZO,1
496,191,0.3851,0.3433,0.4286,0.0014,-0.01557,0.06716,0.02,-0.8599,1.06,4h,VZO,2
377,136,0.3607,0.3139,0.4104,-0.00361,-0.01554,0.05707,-0.06,-0.8869,0.85,4h,VZO,3
276,99,0.3587,0.3044,0.4169,-0.00472,-0.01866,0.05428,-0.09,-0.9126,0.8,4h,VZO,4
174,67,0.3851,0.316,0.4591,-0.00301,-0.01734,0.04879,-0.06,-0.6571,0.86,4h,VZO,5
75,32,0.4267,0.321,0.5395,-0.00071,-0.01477,0.04343,-0.02,-0.4381,0.96,4h,VZO,6
16,5,0.3125,0.1416,0.556,-0.00759,-0.01901,0.03085,-0.25,-0.0997,0.59,4h,VZO,7
